编号,实验,所属阶段,状态,收益 / 结论,参数,结论 / 原因
E1,SFT LoRA r16,主线,ok,+0.1987,"r=16, α=32, all-linear, 2 轮, lr 1e-4, bs 1×16, len 6144",微调是最大单项提升，任务可学
E2,SFT LoRA r32,主线,ok,+0.0029,"r=32, α=64，其余同 E1",容量已饱和 → 不再加大 rank
E3,vLLM 推理加速,工程,ok,8.7×（任务级无损）,"bf16, len 8192, util 0.95, 关 FlashInfer",PagedAttention + 连续批处理；0.5527→0.5538
E4,⑥ 立场 logit 校准,后处理,ok,+0.0151,"b_neutral +0.7, b_oppose −0.5（全局先验）",立场是硬门槛；无标签先验匹配，无泄漏 → 14B 最佳 0.5678
E5,⑦ 卡片数 k 扫描,后处理,no,≤0,按 logp 排序，k=3…7,模型本就输出 4~5 张，Np≈Ng，无截断空间
E6,⑧ 近重复去重,后处理,no,<0,议题名 BGE 余弦阈值 0.85–0.96,输出几乎无重复，去重误删有效卡
E7,Liger 融合核,工程,no,≈0,启用 Liger-Kernel,瓶颈在 2 vCPU，不在算子层
E8,prompt 追加指令探针,Phase 1,no,−0.018,B1 概括性命名 / B2 一议题一卡,固定 prompt 训练，加话属分布外扰动
E9,SC-merge 自一致性合并,Phase 1,no,−0.043 ~ −0.088,"n=5, T=0.7, 聚类 thr 0.65/0.80, 频次≥2/3",偏差是系统性的，投票无法纠正
E10b,失败归因诊断,Phase 0,info,方法论,复刻匹配逻辑逐张归因 + 命名口径分析,378 未匹配=194+101+64+19；145 张只差 0.05~0.10
E11,字段加权重训,Phase 2,run,待评,"issue_name×2, stance×3, future×2, 3 轮",自定义加权交叉熵 + 1024 token 分块防 OOM
E12,训练/推理模式对齐,方法论,info,基础,enable_thinking=False；空 think 块不进 loss,对齐官方 ignore_empty_think
E13,Qwen3-32B,更强基座,ok,+0.0404,另一台机器复现,抽取 +0.057，但未来论点退步 −0.028
